,project_name,db_name,activity_id,activity_name,activity_unit,activity_location,impact_method,impact_category,impact_indicator,sub_activity_id,sub_activity,sub_activity_unit,sub_activity_location,value,percentage,total_impact,exchange_type,compartment,sub_compartment,production_amount,production_unit,production_location,activity_categories
0,LNV-EI38-20250414,EI38_cutoff_remind_SSP1-Base_2040_baseline,"('EI38_cutoff_remind_SSP1-Base_2040_baseline', '83a69ba32d3894259955a19df412e316')","NMC111 oxide production, for Li-ion battery",kilogram,CN,ReCiPe Midpoint (H),terrestrial ecotoxicity,TETPinf,"('EI38_cutoff_remind_SSP1-Base_2040_baseline', '20a0bb96648ef4c27b2913e13142dda9')",market for NMC111 hydroxide,kilogram,CN,0.028240529621497232,92.90850462170796,0.0303960651788371,technosphere,,,1.0,kilogram,CN,
1,LNV-EI38-20250414,EI38_cutoff_remind_SSP1-Base_2040_baseline,"('EI38_cutoff_remind_SSP1-Base_2040_baseline', '83a69ba32d3894259955a19df412e316')","NMC111 oxide production, for Li-ion battery",kilogram,CN,ReCiPe Midpoint (H),terrestrial ecotoxicity,TETPinf,"('EI38_cutoff_remind_SSP1-Base_2040_baseline', '29efbc51f88f985a1c665df2bd11a18f')",market for lithium carbonate,kilogram,GLO,0.0017473454341494182,5.7485908911854375,0.0303960651788371,technosphere,,,1.0,kilogram,CN,
2,LNV-EI38-20250414,EI38_cutoff_remind_SSP1-Base_2040_baseline,"('EI38_cutoff_remind_SSP1-Base_2040_baseline', '83a69ba32d3894259955a19df412e316')","NMC111 oxide production, for Li-ion battery",kilogram,CN,ReCiPe Midpoint (H),terrestrial ecotoxicity,TETPinf,"('EI38_cutoff_remind_SSP1-Base_2040_baseline', '7df4d1fd89fb44889472039eb075c6fc')","market group for electricity, medium voltage",kilowatt hour,CHA,0.00031997480229355385,1.0526849459328458,0.0303960651788371,technosphere,,,1.0,kilogram,CN,
3,LNV-EI38-20250414,EI38_cutoff_remind_SSP1-Base_2040_baseline,"('EI38_cutoff_remind_SSP1-Base_2040_baseline', '83a69ba32d3894259955a19df412e316')","NMC111 oxide production, for Li-ion battery",kilogram,CN,ReCiPe Midpoint (H),terrestrial ecotoxicity,TETPinf,"('EI38_cutoff_remind_SSP1-Base_2040_baseline', 'bbec888be3ba3103fb7fdef5344a5304')","market for chemical factory, organics",unit,GLO,8.821532089689416e-05,0.29021954117374715,0.0303960651788371,technosphere,,,1.0,kilogram,CN,
4,LNV-EI38-20250414,EI38_cutoff_remind_SSP1-Base_2040_baseline,"('EI38_cutoff_remind_SSP1-Base_2040_baseline', '83a69ba32d3894259955a19df412e316')","NMC111 oxide production, for Li-ion battery",kilogram,CN,ReCiPe Midpoint (H),terrestrial ecotoxicity,TETPinf,"('biosphere3', '349b29d1-3e58-4c66-98b9-9d1a076efd2e')","Carbon dioxide, fossil",kilogram,,0.0,0.0,0.0303960651788371,biosphere,air,,1.0,kilogram,CN,
5,LNV-EI38-20250414,EI38_cutoff_remind_SSP1-Base_2040_baseline,"('EI38_cutoff_remind_SSP1-Base_2040_baseline', '83a69ba32d3894259955a19df412e316')","NMC111 oxide production, for Li-ion battery",kilogram,CN,ReCiPe Midpoint (H),terrestrial ecotoxicity,TETPinf,"('biosphere3', '09872080-d143-4fb1-a3a5-647b077107ff')",Water,cubic meter,,0.0,0.0,0.0303960651788371,biosphere,air,non-urban air or from high stacks,1.0,kilogram,CN,
6,LNV-EI38-20250414,EI38_cutoff_remind_SSP1-Base_2040_baseline,"('EI38_cutoff_remind_SSP1-Base_2040_baseline', '83a69ba32d3894259955a19df412e316')","NMC111 oxide production, for Li-ion battery",kilogram,CN,ReCiPe Midpoint (H),natural land transformation,NLTP,"('EI38_cutoff_remind_SSP1-Base_2040_baseline', '20a0bb96648ef4c27b2913e13142dda9')",market for NMC111 hydroxide,kilogram,CN,0.005291614939134236,90.17334483434479,0.0058682695522222555,technosphere,,,1.0,kilogram,CN,
7,LNV-EI38-20250414,EI38_cutoff_remind_SSP1-Base_2040_baseline,"('EI38_cutoff_remind_SSP1-Base_2040_baseline', '83a69ba32d3894259955a19df412e316')","NMC111 oxide production, for Li-ion battery",kilogram,CN,ReCiPe Midpoint (H),natural land transformation,NLTP,"('EI38_cutoff_remind_SSP1-Base_2040_baseline', '29efbc51f88f985a1c665df2bd11a18f')",market for lithium carbonate,kilogram,GLO,0.00041278770583081,7.0342321898708855,0.0058682695522222555,technosphere,,,1.0,kilogram,CN,
8,LNV-EI38-20250414,EI38_cutoff_remind_SSP1-Base_2040_baseline,"('EI38_cutoff_remind_SSP1-Base_2040_baseline', '83a69ba32d3894259955a19df412e316')","NMC111 oxide production, for Li-ion battery",kilogram,CN,ReCiPe Midpoint (H),natural land transformation,NLTP,"('EI38_cutoff_remind_SSP1-Base_2040_baseline', '7df4d1fd89fb44889472039eb075c6fc')","market group for electricity, medium voltage",kilowatt hour,CHA,0.0001294083575443377,2.20522176755381,0.0058682695522222555,technosphere,,,1.0,kilogram,CN,
9,LNV-EI38-20250414,EI38_cutoff_remind_SSP1-Base_2040_baseline,"('EI38_cutoff_remind_SSP1-Base_2040_baseline', '83a69ba32d3894259955a19df412e316')","NMC111 oxide production, for Li-ion battery",kilogram,CN,ReCiPe Midpoint (H),natural land transformation,NLTP,"('EI38_cutoff_remind_SSP1-Base_2040_baseline', 'bbec888be3ba3103fb7fdef5344a5304')","market for chemical factory, organics",unit,GLO,3.445854971287154e-05,0.5872012082304984,0.0058682695522222555,technosphere,,,1.0,kilogram,CN,
10,LNV-EI38-20250414,EI38_cutoff_remind_SSP1-Base_2040_baseline,"('EI38_cutoff_remind_SSP1-Base_2040_baseline', '83a69ba32d3894259955a19df412e316')","NMC111 oxide production, for Li-ion battery",kilogram,CN,ReCiPe Midpoint (H),natural land transformation,NLTP,"('biosphere3', '349b29d1-3e58-4c66-98b9-9d1a076efd2e')","Carbon dioxide, fossil",kilogram,,0.0,0.0,0.0058682695522222555,biosphere,air,,1.0,kilogram,CN,
11,LNV-EI38-20250414,EI38_cutoff_remind_SSP1-Base_2040_baseline,"('EI38_cutoff_remind_SSP1-Base_2040_baseline', '83a69ba32d3894259955a19df412e316')","NMC111 oxide production, for Li-ion battery",kilogram,CN,ReCiPe Midpoint (H),natural land transformation,NLTP,"('biosphere3', '09872080-d143-4fb1-a3a5-647b077107ff')",Water,cubic meter,,0.0,0.0,0.0058682695522222555,biosphere,air,non-urban air or from high stacks,1.0,kilogram,CN,
12,LNV-EI38-20250414,EI38_cutoff_remind_SSP1-Base_2040_baseline,"('EI38_cutoff_remind_SSP1-Base_2040_baseline', '83a69ba32d3894259955a19df412e316')","NMC111 oxide production, for Li-ion battery",kilogram,CN,ReCiPe Midpoint (H),photochemical oxidant formation,POFP,"('EI38_cutoff_remind_SSP1-Base_2040_baseline', '20a0bb96648ef4c27b2913e13142dda9')",market for NMC111 hydroxide,kilogram,CN,0.05627363830924148,80.04902601910521,0.07029896690536962,technosphere,,,1.0,kilogram,CN,
13,LNV-EI38-20250414,EI38_cutoff_remind_SSP1-Base_2040_baseline,"('EI38_cutoff_remind_SSP1-Base_2040_baseline', '83a69ba32d3894259955a19df412e316')","NMC111 oxide production, for Li-ion battery",kilogram,CN,ReCiPe Midpoint (H),photochemical oxidant formation,POFP,"('EI38_cutoff_remind_SSP1-Base_2040_baseline', '29efbc51f88f985a1c665df2bd11a18f')",market for lithium carbonate,kilogram,GLO,0.00957985197166518,13.627301215622053,0.07029896690536962,technosphere,,,1.0,kilogram,CN,
14,LNV-EI38-20250414,EI38_cutoff_remind_SSP1-Base_2040_baseline,"('EI38_cutoff_remind_SSP1-Base_2040_baseline', '83a69ba32d3894259955a19df412e316')","NMC111 oxide production, for Li-ion battery",kilogram,CN,ReCiPe Midpoint (H),photochemical oxidant formation,POFP,"('EI38_cutoff_remind_SSP1-Base_2040_baseline', '7df4d1fd89fb44889472039eb075c6fc')","market group for electricity, medium voltage",kilowatt hour,CHA,0.004077706095084293,5.800520654269853,0.07029896690536962,technosphere,,,1.0,kilogram,CN,
15,LNV-EI38-20250414,EI38_cutoff_remind_SSP1-Base_2040_baseline,"('EI38_cutoff_remind_SSP1-Base_2040_baseline', '83a69ba32d3894259955a19df412e316')","NMC111 oxide production, for Li-ion battery",kilogram,CN,ReCiPe Midpoint (H),photochemical oxidant formation,POFP,"('EI38_cutoff_remind_SSP1-Base_2040_baseline', 'bbec888be3ba3103fb7fdef5344a5304')","market for chemical factory, organics",unit,GLO,0.0003677705293786664,0.5231521110028932,0.07029896690536962,technosphere,,,1.0,kilogram,CN,
16,LNV-EI38-20250414,EI38_cutoff_remind_SSP1-Base_2040_baseline,"('EI38_cutoff_remind_SSP1-Base_2040_baseline', '83a69ba32d3894259955a19df412e316')","NMC111 oxide production, for Li-ion battery",kilogram,CN,ReCiPe Midpoint (H),photochemical oxidant formation,POFP,"('biosphere3', '349b29d1-3e58-4c66-98b9-9d1a076efd2e')","Carbon dioxide, fossil",kilogram,,0.0,0.0,0.07029896690536962,biosphere,air,,1.0,kilogram,CN,
17,LNV-EI38-20250414,EI38_cutoff_remind_SSP1-Base_2040_baseline,"('EI38_cutoff_remind_SSP1-Base_2040_baseline', '83a69ba32d3894259955a19df412e316')","NMC111 oxide production, for Li-ion battery",kilogram,CN,ReCiPe Midpoint (H),photochemical oxidant formation,POFP,"('biosphere3', '09872080-d143-4fb1-a3a5-647b077107ff')",Water,cubic meter,,0.0,0.0,0.07029896690536962,biosphere,air,non-urban air or from high stacks,1.0,kilogram,CN,
18,LNV-EI38-20250414,EI38_cutoff_remind_SSP1-Base_2040_baseline,"('EI38_cutoff_remind_SSP1-Base_2040_baseline', '83a69ba32d3894259955a19df412e316')","NMC111 oxide production, for Li-ion battery",kilogram,CN,ReCiPe Midpoint (H),human toxicity,HTPinf,"('EI38_cutoff_remind_SSP1-Base_2040_baseline', '20a0bb96648ef4c27b2913e13142dda9')",market for NMC111 hydroxide,kilogram,CN,24.50556901287276,91.18010932181805,26.876003105437096,technosphere,,,1.0,kilogram,CN,
19,LNV-EI38-20250414,EI38_cutoff_remind_SSP1-Base_2040_baseline,"('EI38_cutoff_remind_SSP1-Base_2040_baseline', '83a69ba32d3894259955a19df412e316')","NMC111 oxide production, for Li-ion battery",kilogram,CN,ReCiPe Midpoint (H),human toxicity,HTPinf,"('EI38_cutoff_remind_SSP1-Base_2040_baseline', '29efbc51f88f985a1c665df2bd11a18f')",market for lithium carbonate,kilogram,GLO,1.380931609158163,5.138158392602643,26.876003105437096,technosphere,,,1.0,kilogram,CN,
20,LNV-EI38-20250414,EI38_cutoff_remind_SSP1-Base_2040_baseline,"('EI38_cutoff_remind_SSP1-Base_2040_baseline', '83a69ba32d3894259955a19df412e316')","NMC111 oxide production, for Li-ion battery",kilogram,CN,ReCiPe Midpoint (H),human toxicity,HTPinf,"('EI38_cutoff_remind_SSP1-Base_2040_baseline', '7df4d1fd89fb44889472039eb075c6fc')","market group for electricity, medium voltage",kilowatt hour,CHA,0.7626434877709987,2.837637295914412,26.876003105437096,technosphere,,,1.0,kilogram,CN,
21,LNV-EI38-20250414,EI38_cutoff_remind_SSP1-Base_2040_baseline,"('EI38_cutoff_remind_SSP1-Base_2040_baseline', '83a69ba32d3894259955a19df412e316')","NMC111 oxide production, for Li-ion battery",kilogram,CN,ReCiPe Midpoint (H),human toxicity,HTPinf,"('EI38_cutoff_remind_SSP1-Base_2040_baseline', 'bbec888be3ba3103fb7fdef5344a5304')","market for chemical factory, organics",unit,GLO,0.22685899563517747,0.8440949896649002,26.876003105437096,technosphere,,,1.0,kilogram,CN,
22,LNV-EI38-20250414,EI38_cutoff_remind_SSP1-Base_2040_baseline,"('EI38_cutoff_remind_SSP1-Base_2040_baseline', '83a69ba32d3894259955a19df412e316')","NMC111 oxide production, for Li-ion battery",kilogram,CN,ReCiPe Midpoint (H),human toxicity,HTPinf,"('biosphere3', '349b29d1-3e58-4c66-98b9-9d1a076efd2e')","Carbon dioxide, fossil",kilogram,,0.0,0.0,26.876003105437096,biosphere,air,,1.0,kilogram,CN,
23,LNV-EI38-20250414,EI38_cutoff_remind_SSP1-Base_2040_baseline,"('EI38_cutoff_remind_SSP1-Base_2040_baseline', '83a69ba32d3894259955a19df412e316')","NMC111 oxide production, for Li-ion battery",kilogram,CN,ReCiPe Midpoint (H),human toxicity,HTPinf,"('biosphere3', '09872080-d143-4fb1-a3a5-647b077107ff')",Water,cubic meter,,0.0,0.0,26.876003105437096,biosphere,air,non-urban air or from high stacks,1.0,kilogram,CN,
24,LNV-EI38-20250414,EI38_cutoff_remind_SSP1-Base_2040_baseline,"('EI38_cutoff_remind_SSP1-Base_2040_baseline', '83a69ba32d3894259955a19df412e316')","NMC111 oxide production, for Li-ion battery",kilogram,CN,ReCiPe Midpoint (H),marine eutrophication,MEP,"('EI38_cutoff_remind_SSP1-Base_2040_baseline', '20a0bb96648ef4c27b2913e13142dda9')",market for NMC111 hydroxide,kilogram,CN,0.02501665620295766,66.4016159338712,0.03767477018612248,technosphere,,,1.0,kilogram,CN,
25,LNV-EI38-20250414,EI38_cutoff_remind_SSP1-Base_2040_baseline,"('EI38_cutoff_remind_SSP1-Base_2040_baseline', '83a69ba32d3894259955a19df412e316')","NMC111 oxide production, for Li-ion battery",kilogram,CN,ReCiPe Midpoint (H),marine eutrophication,MEP,"('EI38_cutoff_remind_SSP1-Base_2040_baseline', '29efbc51f88f985a1c665df2bd11a18f')",market for lithium carbonate,kilogram,GLO,0.011010577955498634,29.225335419708504,0.03767477018612248,technosphere,,,1.0,kilogram,CN,
26,LNV-EI38-20250414,EI38_cutoff_remind_SSP1-Base_2040_baseline,"('EI38_cutoff_remind_SSP1-Base_2040_baseline', '83a69ba32d3894259955a19df412e316')","NMC111 oxide production, for Li-ion battery",kilogram,CN,ReCiPe Midpoint (H),marine eutrophication,MEP,"('EI38_cutoff_remind_SSP1-Base_2040_baseline', '7df4d1fd89fb44889472039eb075c6fc')","market group for electricity, medium voltage",kilowatt hour,CHA,0.0015349303708816395,4.074159877548587,0.03767477018612248,technosphere,,,1.0,kilogram,CN,
27,LNV-EI38-20250414,EI38_cutoff_remind_SSP1-Base_2040_baseline,"('EI38_cutoff_remind_SSP1-Base_2040_baseline', '83a69ba32d3894259955a19df412e316')","NMC111 oxide production, for Li-ion battery",kilogram,CN,ReCiPe Midpoint (H),marine eutrophication,MEP,"('EI38_cutoff_remind_SSP1-Base_2040_baseline', 'bbec888be3ba3103fb7fdef5344a5304')","market for chemical factory, organics",unit,GLO,0.00011260565678454308,0.2988887688716982,0.03767477018612248,technosphere,,,1.0,kilogram,CN,
28,LNV-EI38-20250414,EI38_cutoff_remind_SSP1-Base_2040_baseline,"('EI38_cutoff_remind_SSP1-Base_2040_baseline', '83a69ba32d3894259955a19df412e316')","NMC111 oxide production, for Li-ion battery",kilogram,CN,ReCiPe Midpoint (H),marine eutrophication,MEP,"('biosphere3', '349b29d1-3e58-4c66-98b9-9d1a076efd2e')","Carbon dioxide, fossil",kilogram,,0.0,0.0,0.03767477018612248,biosphere,air,,1.0,kilogram,CN,
29,LNV-EI38-20250414,EI38_cutoff_remind_SSP1-Base_2040_baseline,"('EI38_cutoff_remind_SSP1-Base_2040_baseline', '83a69ba32d3894259955a19df412e316')","NMC111 oxide production, for Li-ion battery",kilogram,CN,ReCiPe Midpoint (H),marine eutrophication,MEP,"('biosphere3', '09872080-d143-4fb1-a3a5-647b077107ff')",Water,cubic meter,,0.0,0.0,0.03767477018612248,biosphere,air,non-urban air or from high stacks,1.0,kilogram,CN,
30,LNV-EI38-20250414,EI38_cutoff_remind_SSP1-Base_2040_baseline,"('EI38_cutoff_remind_SSP1-Base_2040_baseline', '83a69ba32d3894259955a19df412e316')","NMC111 oxide production, for Li-ion battery",kilogram,CN,IPCC 2013,climate change,"GWP 100a, incl. H and bio CO2","('EI38_cutoff_remind_SSP1-Base_2040_baseline', '20a0bb96648ef4c27b2913e13142dda9')",market for NMC111 hydroxide,kilogram,CN,17.85556066194698,68.66133176359118,26.005264103273905,technosphere,,,1.0,kilogram,CN,
31,LNV-EI38-20250414,EI38_cutoff_remind_SSP1-Base_2040_baseline,"('EI38_cutoff_remind_SSP1-Base_2040_baseline', '83a69ba32d3894259955a19df412e316')","NMC111 oxide production, for Li-ion battery",kilogram,CN,IPCC 2013,climate change,"GWP 100a, incl. H and bio CO2","('biosphere3', '349b29d1-3e58-4c66-98b9-9d1a076efd2e')","Carbon dioxide, fossil",kilogram,,3.208373410115557,12.337399833257768,26.005264103273905,biosphere,air,,1.0,kilogram,CN,
32,LNV-EI38-20250414,EI38_cutoff_remind_SSP1-Base_2040_baseline,"('EI38_cutoff_remind_SSP1-Base_2040_baseline', '83a69ba32d3894259955a19df412e316')","NMC111 oxide production, for Li-ion battery",kilogram,CN,IPCC 2013,climate change,"GWP 100a, incl. H and bio CO2","('EI38_cutoff_remind_SSP1-Base_2040_baseline', '7df4d1fd89fb44889472039eb075c6fc')","market group for electricity, medium voltage",kilowatt hour,CHA,2.9291348891496303,11.26362292464036,26.005264103273905,technosphere,,,1.0,kilogram,CN,
33,LNV-EI38-20250414,EI38_cutoff_remind_SSP1-Base_2040_baseline,"('EI38_cutoff_remind_SSP1-Base_2040_baseline', '83a69ba32d3894259955a19df412e316')","NMC111 oxide production, for Li-ion battery",kilogram,CN,IPCC 2013,climate change,"GWP 100a, incl. H and bio CO2","('EI38_cutoff_remind_SSP1-Base_2040_baseline', '29efbc51f88f985a1c665df2bd11a18f')",market for lithium carbonate,kilogram,GLO,1.9406060540119183,7.4623585682700595,26.005264103273905,technosphere,,,1.0,kilogram,CN,
34,LNV-EI38-20250414,EI38_cutoff_remind_SSP1-Base_2040_baseline,"('EI38_cutoff_remind_SSP1-Base_2040_baseline', '83a69ba32d3894259955a19df412e316')","NMC111 oxide production, for Li-ion battery",kilogram,CN,IPCC 2013,climate change,"GWP 100a, incl. H and bio CO2","('EI38_cutoff_remind_SSP1-Base_2040_baseline', 'bbec888be3ba3103fb7fdef5344a5304')","market for chemical factory, organics",unit,GLO,0.07158908804982059,0.27528691024063834,26.005264103273905,technosphere,,,1.0,kilogram,CN,
35,LNV-EI38-20250414,EI38_cutoff_remind_SSP1-Base_2040_baseline,"('EI38_cutoff_remind_SSP1-Base_2040_baseline', '83a69ba32d3894259955a19df412e316')","NMC111 oxide production, for Li-ion battery",kilogram,CN,IPCC 2013,climate change,"GWP 100a, incl. H and bio CO2","('biosphere3', '09872080-d143-4fb1-a3a5-647b077107ff')",Water,cubic meter,,0.0,0.0,26.005264103273905,biosphere,air,non-urban air or from high stacks,1.0,kilogram,CN,
36,LNV-EI38-20250414,EI38_cutoff_remind_SSP1-Base_2040_baseline,"('EI38_cutoff_remind_SSP1-Base_2040_baseline', '83a69ba32d3894259955a19df412e316')","NMC111 oxide production, for Li-ion battery",kilogram,CN,ReCiPe Midpoint (H),particulate matter formation,PMFP,"('EI38_cutoff_remind_SSP1-Base_2040_baseline', '20a0bb96648ef4c27b2913e13142dda9')",market for NMC111 hydroxide,kilogram,CN,0.054527786464484106,81.52434185807824,0.06688528263056558,technosphere,,,1.0,kilogram,CN,
37,LNV-EI38-20250414,EI38_cutoff_remind_SSP1-Base_2040_baseline,"('EI38_cutoff_remind_SSP1-Base_2040_baseline', '83a69ba32d3894259955a19df412e316')","NMC111 oxide production, for Li-ion battery",kilogram,CN,ReCiPe Midpoint (H),particulate matter formation,PMFP,"('EI38_cutoff_remind_SSP1-Base_2040_baseline', '29efbc51f88f985a1c665df2bd11a18f')",market for lithium carbonate,kilogram,GLO,0.008661105647975006,12.949194960891155,0.06688528263056558,technosphere,,,1.0,kilogram,CN,
38,LNV-EI38-20250414,EI38_cutoff_remind_SSP1-Base_2040_baseline,"('EI38_cutoff_remind_SSP1-Base_2040_baseline', '83a69ba32d3894259955a19df412e316')","NMC111 oxide production, for Li-ion battery",kilogram,CN,ReCiPe Midpoint (H),particulate matter formation,PMFP,"('EI38_cutoff_remind_SSP1-Base_2040_baseline', '7df4d1fd89fb44889472039eb075c6fc')","market group for electricity, medium voltage",kilowatt hour,CHA,0.0033537829754187046,5.01423159702113,0.06688528263056558,technosphere,,,1.0,kilogram,CN,
39,LNV-EI38-20250414,EI38_cutoff_remind_SSP1-Base_2040_baseline,"('EI38_cutoff_remind_SSP1-Base_2040_baseline', '83a69ba32d3894259955a19df412e316')","NMC111 oxide production, for Li-ion battery",kilogram,CN,ReCiPe Midpoint (H),particulate matter formation,PMFP,"('EI38_cutoff_remind_SSP1-Base_2040_baseline', 'bbec888be3ba3103fb7fdef5344a5304')","market for chemical factory, organics",unit,GLO,0.00034260754268777046,0.5122315840094902,0.06688528263056558,technosphere,,,1.0,kilogram,CN,
40,LNV-EI38-20250414,EI38_cutoff_remind_SSP1-Base_2040_baseline,"('EI38_cutoff_remind_SSP1-Base_2040_baseline', '83a69ba32d3894259955a19df412e316')","NMC111 oxide production, for Li-ion battery",kilogram,CN,ReCiPe Midpoint (H),particulate matter formation,PMFP,"('biosphere3', '349b29d1-3e58-4c66-98b9-9d1a076efd2e')","Carbon dioxide, fossil",kilogram,,0.0,0.0,0.06688528263056558,biosphere,air,,1.0,kilogram,CN,
41,LNV-EI38-20250414,EI38_cutoff_remind_SSP1-Base_2040_baseline,"('EI38_cutoff_remind_SSP1-Base_2040_baseline', '83a69ba32d3894259955a19df412e316')","NMC111 oxide production, for Li-ion battery",kilogram,CN,ReCiPe Midpoint (H),particulate matter formation,PMFP,"('biosphere3', '09872080-d143-4fb1-a3a5-647b077107ff')",Water,cubic meter,,0.0,0.0,0.06688528263056558,biosphere,air,non-urban air or from high stacks,1.0,kilogram,CN,
42,LNV-EI38-20250414,EI38_cutoff_remind_SSP1-Base_2040_baseline,"('EI38_cutoff_remind_SSP1-Base_2040_baseline', '83a69ba32d3894259955a19df412e316')","NMC111 oxide production, for Li-ion battery",kilogram,CN,ReCiPe Midpoint (H),agricultural land occupation,ALOP,"('EI38_cutoff_remind_SSP1-Base_2040_baseline', '20a0bb96648ef4c27b2913e13142dda9')",market for NMC111 hydroxide,kilogram,CN,1.5789878057489561,85.14739489678604,1.8544170466553596,technosphere,,,1.0,kilogram,CN,
43,LNV-EI38-20250414,EI38_cutoff_remind_SSP1-Base_2040_baseline,"('EI38_cutoff_remind_SSP1-Base_2040_baseline', '83a69ba32d3894259955a19df412e316')","NMC111 oxide production, for Li-ion battery",kilogram,CN,ReCiPe Midpoint (H),agricultural land occupation,ALOP,"('EI38_cutoff_remind_SSP1-Base_2040_baseline', '29efbc51f88f985a1c665df2bd11a18f')",market for lithium carbonate,kilogram,GLO,0.18222801677960104,9.82670090896052,1.8544170466553596,technosphere,,,1.0,kilogram,CN,
44,LNV-EI38-20250414,EI38_cutoff_remind_SSP1-Base_2040_baseline,"('EI38_cutoff_remind_SSP1-Base_2040_baseline', '83a69ba32d3894259955a19df412e316')","NMC111 oxide production, for Li-ion battery",kilogram,CN,ReCiPe Midpoint (H),agricultural land occupation,ALOP,"('EI38_cutoff_remind_SSP1-Base_2040_baseline', '7df4d1fd89fb44889472039eb075c6fc')","market group for electricity, medium voltage",kilowatt hour,CHA,0.06732176130421125,3.630346335827385,1.8544170466553596,technosphere,,,1.0,kilogram,CN,
45,LNV-EI38-20250414,EI38_cutoff_remind_SSP1-Base_2040_baseline,"('EI38_cutoff_remind_SSP1-Base_2040_baseline', '83a69ba32d3894259955a19df412e316')","NMC111 oxide production, for Li-ion battery",kilogram,CN,ReCiPe Midpoint (H),agricultural land occupation,ALOP,"('EI38_cutoff_remind_SSP1-Base_2040_baseline', 'bbec888be3ba3103fb7fdef5344a5304')","market for chemical factory, organics",unit,GLO,0.025879462822591036,1.3955578584260444,1.8544170466553596,technosphere,,,1.0,kilogram,CN,
46,LNV-EI38-20250414,EI38_cutoff_remind_SSP1-Base_2040_baseline,"('EI38_cutoff_remind_SSP1-Base_2040_baseline', '83a69ba32d3894259955a19df412e316')","NMC111 oxide production, for Li-ion battery",kilogram,CN,ReCiPe Midpoint (H),agricultural land occupation,ALOP,"('biosphere3', '349b29d1-3e58-4c66-98b9-9d1a076efd2e')","Carbon dioxide, fossil",kilogram,,0.0,0.0,1.8544170466553596,biosphere,air,,1.0,kilogram,CN,
47,LNV-EI38-20250414,EI38_cutoff_remind_SSP1-Base_2040_baseline,"('EI38_cutoff_remind_SSP1-Base_2040_baseline', '83a69ba32d3894259955a19df412e316')","NMC111 oxide production, for Li-ion battery",kilogram,CN,ReCiPe Midpoint (H),agricultural land occupation,ALOP,"('biosphere3', '09872080-d143-4fb1-a3a5-647b077107ff')",Water,cubic meter,,0.0,0.0,1.8544170466553596,biosphere,air,non-urban air or from high stacks,1.0,kilogram,CN,
48,LNV-EI38-20250414,EI38_cutoff_remind_SSP1-Base_2040_baseline,"('EI38_cutoff_remind_SSP1-Base_2040_baseline', '83a69ba32d3894259955a19df412e316')","NMC111 oxide production, for Li-ion battery",kilogram,CN,ReCiPe Midpoint (H),freshwater eutrophication,FEP,"('EI38_cutoff_remind_SSP1-Base_2040_baseline', '20a0bb96648ef4c27b2913e13142dda9')",market for NMC111 hydroxide,kilogram,CN,0.006193321933124038,72.11351546277379,0.008588295679914724,technosphere,,,1.0,kilogram,CN,
49,LNV-EI38-20250414,EI38_cutoff_remind_SSP1-Base_2040_baseline,"('EI38_cutoff_remind_SSP1-Base_2040_baseline', '83a69ba32d3894259955a19df412e316')","NMC111 oxide production, for Li-ion battery",kilogram,CN,ReCiPe Midpoint (H),freshwater eutrophication,FEP,"('EI38_cutoff_remind_SSP1-Base_2040_baseline', '29efbc51f88f985a1c665df2bd11a18f')",market for lithium carbonate,kilogram,GLO,0.0014818444519388255,17.254231889155676,0.008588295679914724,technosphere,,,1.0,kilogram,CN,
50,LNV-EI38-20250414,EI38_cutoff_remind_SSP1-Base_2040_baseline,"('EI38_cutoff_remind_SSP1-Base_2040_baseline', '83a69ba32d3894259955a19df412e316')","NMC111 oxide production, for Li-ion battery",kilogram,CN,ReCiPe Midpoint (H),freshwater eutrophication,FEP,"('EI38_cutoff_remind_SSP1-Base_2040_baseline', '7df4d1fd89fb44889472039eb075c6fc')","market group for electricity, medium voltage",kilowatt hour,CHA,0.0008236114197724807,9.589928554726455,0.008588295679914724,technosphere,,,1.0,kilogram,CN,
51,LNV-EI38-20250414,EI38_cutoff_remind_SSP1-Base_2040_baseline,"('EI38_cutoff_remind_SSP1-Base_2040_baseline', '83a69ba32d3894259955a19df412e316')","NMC111 oxide production, for Li-ion battery",kilogram,CN,ReCiPe Midpoint (H),freshwater eutrophication,FEP,"('EI38_cutoff_remind_SSP1-Base_2040_baseline', 'bbec888be3ba3103fb7fdef5344a5304')","market for chemical factory, organics",unit,GLO,8.95178750793817e-05,1.0423240933441003,0.008588295679914724,technosphere,,,1.0,kilogram,CN,
52,LNV-EI38-20250414,EI38_cutoff_remind_SSP1-Base_2040_baseline,"('EI38_cutoff_remind_SSP1-Base_2040_baseline', '83a69ba32d3894259955a19df412e316')","NMC111 oxide production, for Li-ion battery",kilogram,CN,ReCiPe Midpoint (H),freshwater eutrophication,FEP,"('biosphere3', '349b29d1-3e58-4c66-98b9-9d1a076efd2e')","Carbon dioxide, fossil",kilogram,,0.0,0.0,0.008588295679914724,biosphere,air,,1.0,kilogram,CN,
53,LNV-EI38-20250414,EI38_cutoff_remind_SSP1-Base_2040_baseline,"('EI38_cutoff_remind_SSP1-Base_2040_baseline', '83a69ba32d3894259955a19df412e316')","NMC111 oxide production, for Li-ion battery",kilogram,CN,ReCiPe Midpoint (H),freshwater eutrophication,FEP,"('biosphere3', '09872080-d143-4fb1-a3a5-647b077107ff')",Water,cubic meter,,0.0,0.0,0.008588295679914724,biosphere,air,non-urban air or from high stacks,1.0,kilogram,CN,
54,LNV-EI38-20250414,EI38_cutoff_remind_SSP1-Base_2040_baseline,"('EI38_cutoff_remind_SSP1-Base_2040_baseline', '83a69ba32d3894259955a19df412e316')","NMC111 oxide production, for Li-ion battery",kilogram,CN,ReCiPe Midpoint (H),metal depletion,MDP,"('EI38_cutoff_remind_SSP1-Base_2040_baseline', '20a0bb96648ef4c27b2913e13142dda9')",market for NMC111 hydroxide,kilogram,CN,97.78612476766884,99.51224423249495,98.26542002128572,technosphere,,,1.0,kilogram,CN,
55,LNV-EI38-20250414,EI38_cutoff_remind_SSP1-Base_2040_baseline,"('EI38_cutoff_remind_SSP1-Base_2040_baseline', '83a69ba32d3894259955a19df412e316')","NMC111 oxide production, for Li-ion battery",kilogram,CN,ReCiPe Midpoint (H),metal depletion,MDP,"('EI38_cutoff_remind_SSP1-Base_2040_baseline', '29efbc51f88f985a1c665df2bd11a18f')",market for lithium carbonate,kilogram,GLO,0.30961866386672376,0.315084048691448,98.26542002128572,technosphere,,,1.0,kilogram,CN,
56,LNV-EI38-20250414,EI38_cutoff_remind_SSP1-Base_2040_baseline,"('EI38_cutoff_remind_SSP1-Base_2040_baseline', '83a69ba32d3894259955a19df412e316')","NMC111 oxide production, for Li-ion battery",kilogram,CN,ReCiPe Midpoint (H),metal depletion,MDP,"('EI38_cutoff_remind_SSP1-Base_2040_baseline', 'bbec888be3ba3103fb7fdef5344a5304')","market for chemical factory, organics",unit,GLO,0.09430175491860594,0.09596636832995657,98.26542002128572,technosphere,,,1.0,kilogram,CN,
57,LNV-EI38-20250414,EI38_cutoff_remind_SSP1-Base_2040_baseline,"('EI38_cutoff_remind_SSP1-Base_2040_baseline', '83a69ba32d3894259955a19df412e316')","NMC111 oxide production, for Li-ion battery",kilogram,CN,ReCiPe Midpoint (H),metal depletion,MDP,"('EI38_cutoff_remind_SSP1-Base_2040_baseline', '7df4d1fd89fb44889472039eb075c6fc')","market group for electricity, medium voltage",kilowatt hour,CHA,0.07537483483155473,0.07670535048364668,98.26542002128572,technosphere,,,1.0,kilogram,CN,
58,LNV-EI38-20250414,EI38_cutoff_remind_SSP1-Base_2040_baseline,"('EI38_cutoff_remind_SSP1-Base_2040_baseline', '83a69ba32d3894259955a19df412e316')","NMC111 oxide production, for Li-ion battery",kilogram,CN,ReCiPe Midpoint (H),metal depletion,MDP,"('biosphere3', '349b29d1-3e58-4c66-98b9-9d1a076efd2e')","Carbon dioxide, fossil",kilogram,,0.0,0.0,98.26542002128572,biosphere,air,,1.0,kilogram,CN,
59,LNV-EI38-20250414,EI38_cutoff_remind_SSP1-Base_2040_baseline,"('EI38_cutoff_remind_SSP1-Base_2040_baseline', '83a69ba32d3894259955a19df412e316')","NMC111 oxide production, for Li-ion battery",kilogram,CN,ReCiPe Midpoint (H),metal depletion,MDP,"('biosphere3', '09872080-d143-4fb1-a3a5-647b077107ff')",Water,cubic meter,,0.0,0.0,98.26542002128572,biosphere,air,non-urban air or from high stacks,1.0,kilogram,CN,
60,LNV-EI38-20250414,EI38_cutoff_remind_SSP1-Base_2040_baseline,"('EI38_cutoff_remind_SSP1-Base_2040_baseline', '83a69ba32d3894259955a19df412e316')","NMC111 oxide production, for Li-ion battery",kilogram,CN,ReCiPe Midpoint (H),terrestrial acidification,TAP100,"('EI38_cutoff_remind_SSP1-Base_2040_baseline', '20a0bb96648ef4c27b2913e13142dda9')",market for NMC111 hydroxide,kilogram,CN,0.1689215991608896,87.93286315148153,0.19210292160041367,technosphere,,,1.0,kilogram,CN,
61,LNV-EI38-20250414,EI38_cutoff_remind_SSP1-Base_2040_baseline,"('EI38_cutoff_remind_SSP1-Base_2040_baseline', '83a69ba32d3894259955a19df412e316')","NMC111 oxide production, for Li-ion battery",kilogram,CN,ReCiPe Midpoint (H),terrestrial acidification,TAP100,"('EI38_cutoff_remind_SSP1-Base_2040_baseline', '29efbc51f88f985a1c665df2bd11a18f')",market for lithium carbonate,kilogram,GLO,0.016800366075004652,8.745502637357324,0.19210292160041367,technosphere,,,1.0,kilogram,CN,
62,LNV-EI38-20250414,EI38_cutoff_remind_SSP1-Base_2040_baseline,"('EI38_cutoff_remind_SSP1-Base_2040_baseline', '83a69ba32d3894259955a19df412e316')","NMC111 oxide production, for Li-ion battery",kilogram,CN,ReCiPe Midpoint (H),terrestrial acidification,TAP100,"('EI38_cutoff_remind_SSP1-Base_2040_baseline', '7df4d1fd89fb44889472039eb075c6fc')","market group for electricity, medium voltage",kilowatt hour,CHA,0.005550916314903032,2.8895533022914104,0.19210292160041367,technosphere,,,1.0,kilogram,CN,
63,LNV-EI38-20250414,EI38_cutoff_remind_SSP1-Base_2040_baseline,"('EI38_cutoff_remind_SSP1-Base_2040_baseline', '83a69ba32d3894259955a19df412e316')","NMC111 oxide production, for Li-ion battery",kilogram,CN,ReCiPe Midpoint (H),terrestrial acidification,TAP100,"('EI38_cutoff_remind_SSP1-Base_2040_baseline', 'bbec888be3ba3103fb7fdef5344a5304')","market for chemical factory, organics",unit,GLO,0.0008300400496163809,0.4320809088697345,0.19210292160041367,technosphere,,,1.0,kilogram,CN,
64,LNV-EI38-20250414,EI38_cutoff_remind_SSP1-Base_2040_baseline,"('EI38_cutoff_remind_SSP1-Base_2040_baseline', '83a69ba32d3894259955a19df412e316')","NMC111 oxide production, for Li-ion battery",kilogram,CN,ReCiPe Midpoint (H),terrestrial acidification,TAP100,"('biosphere3', '349b29d1-3e58-4c66-98b9-9d1a076efd2e')","Carbon dioxide, fossil",kilogram,,0.0,0.0,0.19210292160041367,biosphere,air,,1.0,kilogram,CN,
65,LNV-EI38-20250414,EI38_cutoff_remind_SSP1-Base_2040_baseline,"('EI38_cutoff_remind_SSP1-Base_2040_baseline', '83a69ba32d3894259955a19df412e316')","NMC111 oxide production, for Li-ion battery",kilogram,CN,ReCiPe Midpoint (H),terrestrial acidification,TAP100,"('biosphere3', '09872080-d143-4fb1-a3a5-647b077107ff')",Water,cubic meter,,0.0,0.0,0.19210292160041367,biosphere,air,non-urban air or from high stacks,1.0,kilogram,CN,
66,LNV-EI38-20250414,EI38_cutoff_remind_SSP1-Base_2040_baseline,"('EI38_cutoff_remind_SSP1-Base_2040_baseline', '83a69ba32d3894259955a19df412e316')","NMC111 oxide production, for Li-ion battery",kilogram,CN,ReCiPe Midpoint (H),water depletion,WDP,"('EI38_cutoff_remind_SSP1-Base_2040_baseline', '20a0bb96648ef4c27b2913e13142dda9')",market for NMC111 hydroxide,kilogram,CN,0.3244042103072929,87.61735417189892,0.37025109166254355,technosphere,,,1.0,kilogram,CN,
67,LNV-EI38-20250414,EI38_cutoff_remind_SSP1-Base_2040_baseline,"('EI38_cutoff_remind_SSP1-Base_2040_baseline', '83a69ba32d3894259955a19df412e316')","NMC111 oxide production, for Li-ion battery",kilogram,CN,ReCiPe Midpoint (H),water depletion,WDP,"('EI38_cutoff_remind_SSP1-Base_2040_baseline', '29efbc51f88f985a1c665df2bd11a18f')",market for lithium carbonate,kilogram,GLO,0.03473898857393248,9.382548588295453,0.37025109166254355,technosphere,,,1.0,kilogram,CN,
68,LNV-EI38-20250414,EI38_cutoff_remind_SSP1-Base_2040_baseline,"('EI38_cutoff_remind_SSP1-Base_2040_baseline', '83a69ba32d3894259955a19df412e316')","NMC111 oxide production, for Li-ion battery",kilogram,CN,ReCiPe Midpoint (H),water depletion,WDP,"('EI38_cutoff_remind_SSP1-Base_2040_baseline', '7df4d1fd89fb44889472039eb075c6fc')","market group for electricity, medium voltage",kilowatt hour,CHA,0.010377192447854983,2.802744591854715,0.37025109166254355,technosphere,,,1.0,kilogram,CN,
69,LNV-EI38-20250414,EI38_cutoff_remind_SSP1-Base_2040_baseline,"('EI38_cutoff_remind_SSP1-Base_2040_baseline', '83a69ba32d3894259955a19df412e316')","NMC111 oxide production, for Li-ion battery",kilogram,CN,ReCiPe Midpoint (H),water depletion,WDP,"('EI38_cutoff_remind_SSP1-Base_2040_baseline', 'bbec888be3ba3103fb7fdef5344a5304')","market for chemical factory, organics",unit,GLO,0.0007307003334632479,0.1973526479509282,0.37025109166254355,technosphere,,,1.0,kilogram,CN,
70,LNV-EI38-20250414,EI38_cutoff_remind_SSP1-Base_2040_baseline,"('EI38_cutoff_remind_SSP1-Base_2040_baseline', '83a69ba32d3894259955a19df412e316')","NMC111 oxide production, for Li-ion battery",kilogram,CN,ReCiPe Midpoint (H),water depletion,WDP,"('biosphere3', '349b29d1-3e58-4c66-98b9-9d1a076efd2e')","Carbon dioxide, fossil",kilogram,,0.0,0.0,0.37025109166254355,biosphere,air,,1.0,kilogram,CN,
71,LNV-EI38-20250414,EI38_cutoff_remind_SSP1-Base_2040_baseline,"('EI38_cutoff_remind_SSP1-Base_2040_baseline', '83a69ba32d3894259955a19df412e316')","NMC111 oxide production, for Li-ion battery",kilogram,CN,ReCiPe Midpoint (H),water depletion,WDP,"('biosphere3', '09872080-d143-4fb1-a3a5-647b077107ff')",Water,cubic meter,,0.0,0.0,0.37025109166254355,biosphere,air,non-urban air or from high stacks,1.0,kilogram,CN,
72,LNV-EI38-20250414,EI38_cutoff_remind_SSP1-Base_2040_baseline,"('EI38_cutoff_remind_SSP1-Base_2040_baseline', '83a69ba32d3894259955a19df412e316')","NMC111 oxide production, for Li-ion battery",kilogram,CN,ReCiPe Midpoint (H),urban land occupation,ULOP,"('EI38_cutoff_remind_SSP1-Base_2040_baseline', '20a0bb96648ef4c27b2913e13142dda9')",market for NMC111 hydroxide,kilogram,CN,0.5465474253381432,76.9238679046699,0.7105043469934034,technosphere,,,1.0,kilogram,CN,
73,LNV-EI38-20250414,EI38_cutoff_remind_SSP1-Base_2040_baseline,"('EI38_cutoff_remind_SSP1-Base_2040_baseline', '83a69ba32d3894259955a19df412e316')","NMC111 oxide production, for Li-ion battery",kilogram,CN,ReCiPe Midpoint (H),urban land occupation,ULOP,"('EI38_cutoff_remind_SSP1-Base_2040_baseline', '29efbc51f88f985a1c665df2bd11a18f')",market for lithium carbonate,kilogram,GLO,0.08422431139608953,11.854158493540014,0.7105043469934034,technosphere,,,1.0,kilogram,CN,
74,LNV-EI38-20250414,EI38_cutoff_remind_SSP1-Base_2040_baseline,"('EI38_cutoff_remind_SSP1-Base_2040_baseline', '83a69ba32d3894259955a19df412e316')","NMC111 oxide production, for Li-ion battery",kilogram,CN,ReCiPe Midpoint (H),urban land occupation,ULOP,"('EI38_cutoff_remind_SSP1-Base_2040_baseline', '7df4d1fd89fb44889472039eb075c6fc')","market group for electricity, medium voltage",kilowatt hour,CHA,0.07366067633167094,10.367378699845567,0.7105043469934034,technosphere,,,1.0,kilogram,CN,
75,LNV-EI38-20250414,EI38_cutoff_remind_SSP1-Base_2040_baseline,"('EI38_cutoff_remind_SSP1-Base_2040_baseline', '83a69ba32d3894259955a19df412e316')","NMC111 oxide production, for Li-ion battery",kilogram,CN,ReCiPe Midpoint (H),urban land occupation,ULOP,"('EI38_cutoff_remind_SSP1-Base_2040_baseline', 'bbec888be3ba3103fb7fdef5344a5304')","market for chemical factory, organics",unit,GLO,0.0060719339274996655,0.8545949019444973,0.7105043469934034,technosphere,,,1.0,kilogram,CN,
76,LNV-EI38-20250414,EI38_cutoff_remind_SSP1-Base_2040_baseline,"('EI38_cutoff_remind_SSP1-Base_2040_baseline', '83a69ba32d3894259955a19df412e316')","NMC111 oxide production, for Li-ion battery",kilogram,CN,ReCiPe Midpoint (H),urban land occupation,ULOP,"('biosphere3', '349b29d1-3e58-4c66-98b9-9d1a076efd2e')","Carbon dioxide, fossil",kilogram,,0.0,0.0,0.7105043469934034,biosphere,air,,1.0,kilogram,CN,
77,LNV-EI38-20250414,EI38_cutoff_remind_SSP1-Base_2040_baseline,"('EI38_cutoff_remind_SSP1-Base_2040_baseline', '83a69ba32d3894259955a19df412e316')","NMC111 oxide production, for Li-ion battery",kilogram,CN,ReCiPe Midpoint (H),urban land occupation,ULOP,"('biosphere3', '09872080-d143-4fb1-a3a5-647b077107ff')",Water,cubic meter,,0.0,0.0,0.7105043469934034,biosphere,air,non-urban air or from high stacks,1.0,kilogram,CN,
78,LNV-EI38-20250414,EI38_cutoff_remind_SSP1-Base_2040_baseline,"('EI38_cutoff_remind_SSP1-Base_2040_baseline', '83a69ba32d3894259955a19df412e316')","NMC111 oxide production, for Li-ion battery",kilogram,CN,ReCiPe Midpoint (H),ionising radiation,IRP_HE,"('EI38_cutoff_remind_SSP1-Base_2040_baseline', '20a0bb96648ef4c27b2913e13142dda9')",market for NMC111 hydroxide,kilogram,CN,7.722706381312387,96.66529079372145,7.989120311852398,technosphere,,,1.0,kilogram,CN,
79,LNV-EI38-20250414,EI38_cutoff_remind_SSP1-Base_2040_baseline,"('EI38_cutoff_remind_SSP1-Base_2040_baseline', '83a69ba32d3894259955a19df412e316')","NMC111 oxide production, for Li-ion battery",kilogram,CN,ReCiPe Midpoint (H),ionising radiation,IRP_HE,"('EI38_cutoff_remind_SSP1-Base_2040_baseline', '7df4d1fd89fb44889472039eb075c6fc')","market group for electricity, medium voltage",kilowatt hour,CHA,0.14296965880857726,1.7895544594124104,7.989120311852398,technosphere,,,1.0,kilogram,CN,
80,LNV-EI38-20250414,EI38_cutoff_remind_SSP1-Base_2040_baseline,"('EI38_cutoff_remind_SSP1-Base_2040_baseline', '83a69ba32d3894259955a19df412e316')","NMC111 oxide production, for Li-ion battery",kilogram,CN,ReCiPe Midpoint (H),ionising radiation,IRP_HE,"('EI38_cutoff_remind_SSP1-Base_2040_baseline', '29efbc51f88f985a1c665df2bd11a18f')",market for lithium carbonate,kilogram,GLO,0.11694608287244525,1.463816769650444,7.989120311852398,technosphere,,,1.0,kilogram,CN,
81,LNV-EI38-20250414,EI38_cutoff_remind_SSP1-Base_2040_baseline,"('EI38_cutoff_remind_SSP1-Base_2040_baseline', '83a69ba32d3894259955a19df412e316')","NMC111 oxide production, for Li-ion battery",kilogram,CN,ReCiPe Midpoint (H),ionising radiation,IRP_HE,"('EI38_cutoff_remind_SSP1-Base_2040_baseline', 'bbec888be3ba3103fb7fdef5344a5304')","market for chemical factory, organics",unit,GLO,0.006498188858988367,0.08133797721568752,7.989120311852398,technosphere,,,1.0,kilogram,CN,
82,LNV-EI38-20250414,EI38_cutoff_remind_SSP1-Base_2040_baseline,"('EI38_cutoff_remind_SSP1-Base_2040_baseline', '83a69ba32d3894259955a19df412e316')","NMC111 oxide production, for Li-ion battery",kilogram,CN,ReCiPe Midpoint (H),ionising radiation,IRP_HE,"('biosphere3', '349b29d1-3e58-4c66-98b9-9d1a076efd2e')","Carbon dioxide, fossil",kilogram,,0.0,0.0,7.989120311852398,biosphere,air,,1.0,kilogram,CN,
83,LNV-EI38-20250414,EI38_cutoff_remind_SSP1-Base_2040_baseline,"('EI38_cutoff_remind_SSP1-Base_2040_baseline', '83a69ba32d3894259955a19df412e316')","NMC111 oxide production, for Li-ion battery",kilogram,CN,ReCiPe Midpoint (H),ionising radiation,IRP_HE,"('biosphere3', '09872080-d143-4fb1-a3a5-647b077107ff')",Water,cubic meter,,0.0,0.0,7.989120311852398,biosphere,air,non-urban air or from high stacks,1.0,kilogram,CN,
84,LNV-EI38-20250414,EI38_cutoff_remind_SSP1-Base_2040_baseline,"('EI38_cutoff_remind_SSP1-Base_2040_baseline', '83a69ba32d3894259955a19df412e316')","NMC111 oxide production, for Li-ion battery",kilogram,CN,ReCiPe Midpoint (H),fossil depletion,FDP,"('EI38_cutoff_remind_SSP1-Base_2040_baseline', '20a0bb96648ef4c27b2913e13142dda9')",market for NMC111 hydroxide,kilogram,CN,6.176233670918852,82.73252644823013,7.465302869462871,technosphere,,,1.0,kilogram,CN,
85,LNV-EI38-20250414,EI38_cutoff_remind_SSP1-Base_2040_baseline,"('EI38_cutoff_remind_SSP1-Base_2040_baseline', '83a69ba32d3894259955a19df412e316')","NMC111 oxide production, for Li-ion battery",kilogram,CN,ReCiPe Midpoint (H),fossil depletion,FDP,"('EI38_cutoff_remind_SSP1-Base_2040_baseline', '29efbc51f88f985a1c665df2bd11a18f')",market for lithium carbonate,kilogram,GLO,0.668960871368647,8.96093411166289,7.465302869462871,technosphere,,,1.0,kilogram,CN,
86,LNV-EI38-20250414,EI38_cutoff_remind_SSP1-Base_2040_baseline,"('EI38_cutoff_remind_SSP1-Base_2040_baseline', '83a69ba32d3894259955a19df412e316')","NMC111 oxide production, for Li-ion battery",kilogram,CN,ReCiPe Midpoint (H),fossil depletion,FDP,"('EI38_cutoff_remind_SSP1-Base_2040_baseline', '7df4d1fd89fb44889472039eb075c6fc')","market group for electricity, medium voltage",kilowatt hour,CHA,0.600772098739902,8.047524785596911,7.465302869462871,technosphere,,,1.0,kilogram,CN,
87,LNV-EI38-20250414,EI38_cutoff_remind_SSP1-Base_2040_baseline,"('EI38_cutoff_remind_SSP1-Base_2040_baseline', '83a69ba32d3894259955a19df412e316')","NMC111 oxide production, for Li-ion battery",kilogram,CN,ReCiPe Midpoint (H),fossil depletion,FDP,"('EI38_cutoff_remind_SSP1-Base_2040_baseline', 'bbec888be3ba3103fb7fdef5344a5304')","market for chemical factory, organics",unit,GLO,0.01933622843547028,0.2590146545100791,7.465302869462871,technosphere,,,1.0,kilogram,CN,
88,LNV-EI38-20250414,EI38_cutoff_remind_SSP1-Base_2040_baseline,"('EI38_cutoff_remind_SSP1-Base_2040_baseline', '83a69ba32d3894259955a19df412e316')","NMC111 oxide production, for Li-ion battery",kilogram,CN,ReCiPe Midpoint (H),fossil depletion,FDP,"('biosphere3', '349b29d1-3e58-4c66-98b9-9d1a076efd2e')","Carbon dioxide, fossil",kilogram,,0.0,0.0,7.465302869462871,biosphere,air,,1.0,kilogram,CN,
89,LNV-EI38-20250414,EI38_cutoff_remind_SSP1-Base_2040_baseline,"('EI38_cutoff_remind_SSP1-Base_2040_baseline', '83a69ba32d3894259955a19df412e316')","NMC111 oxide production, for Li-ion battery",kilogram,CN,ReCiPe Midpoint (H),fossil depletion,FDP,"('biosphere3', '09872080-d143-4fb1-a3a5-647b077107ff')",Water,cubic meter,,0.0,0.0,7.465302869462871,biosphere,air,non-urban air or from high stacks,1.0,kilogram,CN,
90,LNV-EI38-20250414,EI38_cutoff_remind_SSP1-Base_2040_baseline,"('EI38_cutoff_remind_SSP1-Base_2040_baseline', '83a69ba32d3894259955a19df412e316')","NMC111 oxide production, for Li-ion battery",kilogram,CN,ReCiPe Midpoint (H),freshwater ecotoxicity,FETPinf,"('EI38_cutoff_remind_SSP1-Base_2040_baseline', '20a0bb96648ef4c27b2913e13142dda9')",market for NMC111 hydroxide,kilogram,CN,2.350716794304673,87.59316697541524,2.683675993772948,technosphere,,,1.0,kilogram,CN,
91,LNV-EI38-20250414,EI38_cutoff_remind_SSP1-Base_2040_baseline,"('EI38_cutoff_remind_SSP1-Base_2040_baseline', '83a69ba32d3894259955a19df412e316')","NMC111 oxide production, for Li-ion battery",kilogram,CN,ReCiPe Midpoint (H),freshwater ecotoxicity,FETPinf,"('EI38_cutoff_remind_SSP1-Base_2040_baseline', '29efbc51f88f985a1c665df2bd11a18f')",market for lithium carbonate,kilogram,GLO,0.22098364659739464,8.234363876643558,2.683675993772948,technosphere,,,1.0,kilogram,CN,
92,LNV-EI38-20250414,EI38_cutoff_remind_SSP1-Base_2040_baseline,"('EI38_cutoff_remind_SSP1-Base_2040_baseline', '83a69ba32d3894259955a19df412e316')","NMC111 oxide production, for Li-ion battery",kilogram,CN,ReCiPe Midpoint (H),freshwater ecotoxicity,FETPinf,"('EI38_cutoff_remind_SSP1-Base_2040_baseline', '7df4d1fd89fb44889472039eb075c6fc')","market group for electricity, medium voltage",kilowatt hour,CHA,0.07606562119565481,2.8343816977963523,2.683675993772948,technosphere,,,1.0,kilogram,CN,
93,LNV-EI38-20250414,EI38_cutoff_remind_SSP1-Base_2040_baseline,"('EI38_cutoff_remind_SSP1-Base_2040_baseline', '83a69ba32d3894259955a19df412e316')","NMC111 oxide production, for Li-ion battery",kilogram,CN,ReCiPe Midpoint (H),freshwater ecotoxicity,FETPinf,"('EI38_cutoff_remind_SSP1-Base_2040_baseline', 'bbec888be3ba3103fb7fdef5344a5304')","market for chemical factory, organics",unit,GLO,0.035909931675225645,1.3380874501448405,2.683675993772948,technosphere,,,1.0,kilogram,CN,
94,LNV-EI38-20250414,EI38_cutoff_remind_SSP1-Base_2040_baseline,"('EI38_cutoff_remind_SSP1-Base_2040_baseline', '83a69ba32d3894259955a19df412e316')","NMC111 oxide production, for Li-ion battery",kilogram,CN,ReCiPe Midpoint (H),freshwater ecotoxicity,FETPinf,"('biosphere3', '349b29d1-3e58-4c66-98b9-9d1a076efd2e')","Carbon dioxide, fossil",kilogram,,0.0,0.0,2.683675993772948,biosphere,air,,1.0,kilogram,CN,
95,LNV-EI38-20250414,EI38_cutoff_remind_SSP1-Base_2040_baseline,"('EI38_cutoff_remind_SSP1-Base_2040_baseline', '83a69ba32d3894259955a19df412e316')","NMC111 oxide production, for Li-ion battery",kilogram,CN,ReCiPe Midpoint (H),freshwater ecotoxicity,FETPinf,"('biosphere3', '09872080-d143-4fb1-a3a5-647b077107ff')",Water,cubic meter,,0.0,0.0,2.683675993772948,biosphere,air,non-urban air or from high stacks,1.0,kilogram,CN,
96,LNV-EI38-20250414,EI38_cutoff_remind_SSP1-Base_2040_baseline,"('EI38_cutoff_remind_SSP1-Base_2040_baseline', '83a69ba32d3894259955a19df412e316')","NMC111 oxide production, for Li-ion battery",kilogram,CN,ReCiPe Midpoint (H),marine ecotoxicity,METPinf,"('EI38_cutoff_remind_SSP1-Base_2040_baseline', '20a0bb96648ef4c27b2913e13142dda9')",market for NMC111 hydroxide,kilogram,CN,2.182706763032731,90.3326648468541,2.4162984306210746,technosphere,,,1.0,kilogram,CN,
97,LNV-EI38-20250414,EI38_cutoff_remind_SSP1-Base_2040_baseline,"('EI38_cutoff_remind_SSP1-Base_2040_baseline', '83a69ba32d3894259955a19df412e316')","NMC111 oxide production, for Li-ion battery",kilogram,CN,ReCiPe Midpoint (H),marine ecotoxicity,METPinf,"('EI38_cutoff_remind_SSP1-Base_2040_baseline', '29efbc51f88f985a1c665df2bd11a18f')",market for lithium carbonate,kilogram,GLO,0.13300633189589917,5.504549032948377,2.4162984306210746,technosphere,,,1.0,kilogram,CN,
98,LNV-EI38-20250414,EI38_cutoff_remind_SSP1-Base_2040_baseline,"('EI38_cutoff_remind_SSP1-Base_2040_baseline', '83a69ba32d3894259955a19df412e316')","NMC111 oxide production, for Li-ion battery",kilogram,CN,ReCiPe Midpoint (H),marine ecotoxicity,METPinf,"('EI38_cutoff_remind_SSP1-Base_2040_baseline', '7df4d1fd89fb44889472039eb075c6fc')","market group for electricity, medium voltage",kilowatt hour,CHA,0.0680918521364557,2.8180232736795543,2.4162984306210746,technosphere,,,1.0,kilogram,CN,
99,LNV-EI38-20250414,EI38_cutoff_remind_SSP1-Base_2040_baseline,"('EI38_cutoff_remind_SSP1-Base_2040_baseline', '83a69ba32d3894259955a19df412e316')","NMC111 oxide production, for Li-ion battery",kilogram,CN,ReCiPe Midpoint (H),marine ecotoxicity,METPinf,"('EI38_cutoff_remind_SSP1-Base_2040_baseline', 'bbec888be3ba3103fb7fdef5344a5304')","market for chemical factory, organics",unit,GLO,0.03249348355598909,1.3447628465179737,2.4162984306210746,technosphere,,,1.0,kilogram,CN,
100,LNV-EI38-20250414,EI38_cutoff_remind_SSP1-Base_2040_baseline,"('EI38_cutoff_remind_SSP1-Base_2040_baseline', '83a69ba32d3894259955a19df412e316')","NMC111 oxide production, for Li-ion battery",kilogram,CN,ReCiPe Midpoint (H),marine ecotoxicity,METPinf,"('biosphere3', '349b29d1-3e58-4c66-98b9-9d1a076efd2e')","Carbon dioxide, fossil",kilogram,,0.0,0.0,2.4162984306210746,biosphere,air,,1.0,kilogram,CN,
101,LNV-EI38-20250414,EI38_cutoff_remind_SSP1-Base_2040_baseline,"('EI38_cutoff_remind_SSP1-Base_2040_baseline', '83a69ba32d3894259955a19df412e316')","NMC111 oxide production, for Li-ion battery",kilogram,CN,ReCiPe Midpoint (H),marine ecotoxicity,METPinf,"('biosphere3', '09872080-d143-4fb1-a3a5-647b077107ff')",Water,cubic meter,,0.0,0.0,2.4162984306210746,biosphere,air,non-urban air or from high stacks,1.0,kilogram,CN,
102,LNV-EI38-20250414,EI38_cutoff_remind_SSP1-Base_2040_baseline,"('EI38_cutoff_remind_SSP1-Base_2040_baseline', '83a69ba32d3894259955a19df412e316')","NMC111 oxide production, for Li-ion battery",kilogram,CN,ReCiPe Midpoint (H),ozone depletion,ODPinf,"('EI38_cutoff_remind_SSP1-Base_2040_baseline', '20a0bb96648ef4c27b2913e13142dda9')",market for NMC111 hydroxide,kilogram,CN,2.578144746996271e-06,89.20875750271674,2.8900130650488625e-06,technosphere,,,1.0,kilogram,CN,
103,LNV-EI38-20250414,EI38_cutoff_remind_SSP1-Base_2040_baseline,"('EI38_cutoff_remind_SSP1-Base_2040_baseline', '83a69ba32d3894259955a19df412e316')","NMC111 oxide production, for Li-ion battery",kilogram,CN,ReCiPe Midpoint (H),ozone depletion,ODPinf,"('EI38_cutoff_remind_SSP1-Base_2040_baseline', '29efbc51f88f985a1c665df2bd11a18f')",market for lithium carbonate,kilogram,GLO,2.842155123574477e-07,9.834402335224127,2.8900130650488625e-06,technosphere,,,1.0,kilogram,CN,
104,LNV-EI38-20250414,EI38_cutoff_remind_SSP1-Base_2040_baseline,"('EI38_cutoff_remind_SSP1-Base_2040_baseline', '83a69ba32d3894259955a19df412e316')","NMC111 oxide production, for Li-ion battery",kilogram,CN,ReCiPe Midpoint (H),ozone depletion,ODPinf,"('EI38_cutoff_remind_SSP1-Base_2040_baseline', '7df4d1fd89fb44889472039eb075c6fc')","market group for electricity, medium voltage",kilowatt hour,CHA,2.2361180938804185e-08,0.7737397871738035,2.8900130650488625e-06,technosphere,,,1.0,kilogram,CN,
105,LNV-EI38-20250414,EI38_cutoff_remind_SSP1-Base_2040_baseline,"('EI38_cutoff_remind_SSP1-Base_2040_baseline', '83a69ba32d3894259955a19df412e316')","NMC111 oxide production, for Li-ion battery",kilogram,CN,ReCiPe Midpoint (H),ozone depletion,ODPinf,"('EI38_cutoff_remind_SSP1-Base_2040_baseline', 'bbec888be3ba3103fb7fdef5344a5304')","market for chemical factory, organics",unit,GLO,5.291624756339736e-09,0.18310037488533876,2.8900130650488625e-06,technosphere,,,1.0,kilogram,CN,
106,LNV-EI38-20250414,EI38_cutoff_remind_SSP1-Base_2040_baseline,"('EI38_cutoff_remind_SSP1-Base_2040_baseline', '83a69ba32d3894259955a19df412e316')","NMC111 oxide production, for Li-ion battery",kilogram,CN,ReCiPe Midpoint (H),ozone depletion,ODPinf,"('biosphere3', '349b29d1-3e58-4c66-98b9-9d1a076efd2e')","Carbon dioxide, fossil",kilogram,,0.0,0.0,2.8900130650488625e-06,biosphere,air,,1.0,kilogram,CN,
107,LNV-EI38-20250414,EI38_cutoff_remind_SSP1-Base_2040_baseline,"('EI38_cutoff_remind_SSP1-Base_2040_baseline', '83a69ba32d3894259955a19df412e316')","NMC111 oxide production, for Li-ion battery",kilogram,CN,ReCiPe Midpoint (H),ozone depletion,ODPinf,"('biosphere3', '09872080-d143-4fb1-a3a5-647b077107ff')",Water,cubic meter,,0.0,0.0,2.8900130650488625e-06,biosphere,air,non-urban air or from high stacks,1.0,kilogram,CN,
